"File","R","C","Ratio","Flag","ComLine","Verify","BadTags","Detail"
"Assets/Scripts/Data/Asset/AssetModule.cs","1801","856","52.5%","ok","12","PASS","",""
"Assets/Scripts/Data/Asset/AssetRegistry.cs","226","113","50.0%","ok","2","PASS","",""
"Assets/Scripts/Data/Asset/AsyncHandle.cs","288","144","50.0%","ok","2","PASS","",""
"Assets/Scripts/Data/Asset/CacheEntry.cs","536","253","52.8%","ok","6","PASS","",""
"Assets/Scripts/Data/Asset/CacheStore.cs","164","82","50.0%","ok","3","PASS","",""
"Assets/Scripts/Data/Asset/FailureHandler.cs","234","117","50.0%","ok","3","PASS","",""
"Assets/Scripts/Data/Asset/LifecycleMgr.cs","712","351","50.7%","ok","7","PASS","",""
"Assets/Scripts/Data/Asset/LoadScheduler.cs","588","277","52.9%","ok","7","PASS","",""
"Assets/Scripts/Data/Asset/RefCounter.cs","274","122","55.5%","ok","4","PASS","",""
"Assets/Scripts/Data/Config/ConfigModule.cs","4095","2021","50.6%","ok","32","PASS","",""
"Assets/Scripts/Data/Config/DropType.cs","145","61","57.9%","ok","1","PASS","",""
"Assets/Scripts/Data/Config/ElementValue.cs","879","435","50.5%","ok","8","PASS","",""
"Assets/Scripts/Data/Config/Spec/DropSpec.cs","479","211","55.9%","ok","6","PASS","",""
"Assets/Scripts/Data/Config/Spec/ElementRuleSpec.cs","1186","588","50.4%","ok","11","PASS","",""
"Assets/Scripts/Data/Config/Spec/EnemySpec.cs","600","281","53.2%","ok","6","PASS","",""
"Assets/Scripts/Data/Config/Spec/PlayerSpec.cs","655","323","50.7%","ok","7","PASS","",""
"Assets/Scripts/Data/Config/Spec/ProjectileSpec.cs","663","314","52.6%","ok","7","PASS","",""
"Assets/Scripts/Data/Config/Spec/TileEffectSpec.cs","1233","566","54.1%","ok","9","PASS","",""
"Assets/Scripts/Data/Config/Spec/TileStateSpec.cs","1267","575","54.6%","ok","10","PASS","",""
"Assets/Scripts/Data/Config/Spec/WaveSpec.cs","208","103","50.5%","ok","3","PASS","",""
"Assets/Scripts/Data/Config/StartupValidator.cs","254","93","63.4%","ok","1","PASS","",""
"Assets/Scripts/Data/Config/TablesHolder.cs","399","198","50.4%","ok","3","PASS","",""
"Assets/Scripts/Data/Config/TablesMeta.cs","241","82","66.0%","ok","2","PASS","",""
"Assets/Scripts/Data/Config/TileEffectValue.cs","3263","1343","58.8%","ok","33","PASS","",""
"Assets/Scripts/Data/Metrics/DataMetrics.cs","178","82","53.9%","ok","1","PASS","",""
"Assets/Scripts/Data/Metrics/DataSnapshot.cs","386","189","51.0%","ok","4","PASS","",""
"Assets/Scripts/Data/Settings/AudioConfig.cs","0","0","100.0%","N/A","0","PASS","",""
"Assets/Scripts/Data/Settings/BaseConfig.cs","0","0","100.0%","N/A","0","PASS","",""
"Assets/Scripts/Data/Settings/CharacterConfig.cs","119","59","50.4%","ok","1","PASS","",""
"Assets/Scripts/Data/Settings/DropTuning.cs","461","210","54.4%","ok","2","PASS","",""
"Assets/Scripts/Data/Settings/PlayerConfig.cs","264","124","53.0%","ok","2","PASS","",""
"Assets/Scripts/Data/Settings/ThrowTuning.cs","522","242","53.6%","ok","4","PASS","",""
"Assets/Scripts/Data/Settings/VisualPalette.cs","736","342","53.5%","ok","5","PASS","",""
"Assets/Scripts/Foundation/Ballistics.cs","141","70","50.3%","ok","1","PASS","",""
"Assets/Scripts/Foundation/Cooldown.cs","244","122","50.0%","ok","4","PASS","",""
"Assets/Scripts/Foundation/IRng.cs","175","85","51.4%","ok","1","PASS","",""
"Assets/Scripts/Foundation/IState.cs","419","200","52.3%","ok","6","PASS","",""
"Assets/Scripts/Foundation/MotionParams.cs","739","369","50.1%","ok","7","PASS","",""
"Assets/Scripts/Foundation/Pool.cs","2384","1174","50.8%","ok","23","PASS","",""
"Assets/Scripts/Foundation/Rng.cs","575","240","58.3%","ok","5","PASS","",""
"Assets/Scripts/Foundation/Singleton.cs","51","0","100.0%","ok","0","PASS","",""
"Assets/Scripts/Foundation/StateGroup.cs","565","279","50.6%","ok","6","PASS","",""
"Assets/Scripts/Foundation/StateMachine.cs","279","132","52.7%","ok","3","PASS","",""
"Assets/Scripts/Foundation/YSort.cs","503","248","50.7%","ok","3","PASS","",""
"Assets/Scripts/Logic/Actor/ActorLogic.cs","651","321","50.7%","ok","5","PASS","",""
"Assets/Scripts/Logic/Actor/EnemyBrain.cs","491","82","83.3%","ok","1","PASS","",""
"Assets/Scripts/Logic/Actor/EnemyIntent.cs","259","124","52.1%","ok","3","PASS","",""
"Assets/Scripts/Logic/Actor/EnemyLogic.cs","499","242","51.5%","ok","5","PASS","",""
"Assets/Scripts/Logic/Actor/EnemyMoveGroup.cs","281","140","50.2%","ok","5","PASS","",""
"Assets/Scripts/Logic/Actor/EnemyStats.cs","172","77","55.2%","ok","1","PASS","",""
"Assets/Scripts/Logic/Actor/States/EnemyChaseState.cs","115","57","50.4%","ok","2","PASS","",""
"Assets/Scripts/Logic/Actor/Status/HurtState.cs","546","267","51.1%","ok","6","PASS","",""
"Assets/Scripts/Logic/Actor/Status/NormalState.cs","82","41","50.0%","ok","1","PASS","",""
"Assets/Scripts/Logic/Actor/Status/StatusGroup.cs","587","293","50.1%","ok","5","PASS","",""
"Assets/Scripts/Logic/Actor/Status/StatusStateTag.cs","319","159","50.2%","ok","5","PASS","",""
"Assets/Scripts/Logic/Actor/Steering.cs","541","259","52.1%","ok","3","PASS","",""
"Assets/Scripts/Logic/Actor/WorldInfo.cs","194","75","61.3%","ok","2","PASS","",""
"Assets/Scripts/Logic/Bounds/BoundsArea.cs","477","229","52.0%","ok","3","PASS","",""
"Assets/Scripts/Logic/Combat/ContactProbe.cs","581","263","54.7%","ok","6","PASS","",""
"Assets/Scripts/Logic/Combat/Damage.cs","554","269","51.4%","ok","7","PASS","",""
"Assets/Scripts/Logic/Combat/IAlivable.cs","131","40","69.5%","ok","1","PASS","",""
"Assets/Scripts/Logic/Combat/IDamageable.cs","343","162","52.8%","ok","3","PASS","",""
"Assets/Scripts/Logic/Combat/IEffectTarget.cs","826","396","52.1%","ok","4","PASS","",""
"Assets/Scripts/Logic/Combat/IKnockBackable.cs","257","108","58.0%","ok","2","PASS","",""
"Assets/Scripts/Logic/Combat/IStunnable.cs","255","94","63.1%","ok","2","PASS","",""
"Assets/Scripts/Logic/Combat/IThrowSink.cs","255","123","51.8%","ok","3","PASS","",""
"Assets/Scripts/Logic/Drop/DropSpawnRequest.cs","252","101","59.9%","ok","3","PASS","",""
"Assets/Scripts/Logic/Drop/IDropSpawner.cs","210","89","57.6%","ok","2","PASS","",""
"Assets/Scripts/Logic/Element/ElementCombiner.cs","359","155","56.8%","ok","3","PASS","",""
"Assets/Scripts/Logic/Element/ReactionResolver.cs","750","304","59.5%","ok","5","PASS","",""
"Assets/Scripts/Logic/Element/TileElementReactor.cs","1959","978","50.1%","ok","17","PASS","",""
"Assets/Scripts/Logic/Event/EventBus.cs","848","410","51.6%","ok","9","PASS","",""
"Assets/Scripts/Logic/Event/Events.cs","551","251","54.4%","ok","8","PASS","",""
"Assets/Scripts/Logic/Grid/EnemyCellRegistry.cs","926","447","51.7%","ok","8","PASS","",""
"Assets/Scripts/Logic/Grid/GridGeometry.cs","478","235","50.8%","ok","4","PASS","",""
"Assets/Scripts/Logic/Grid/GridLogic.cs","4645","2001","56.9%","ok","37","PASS","",""
"Assets/Scripts/Logic/Grid/GridQuery.cs","479","195","59.3%","ok","3","PASS","",""
"Assets/Scripts/Logic/Grid/ITileState.cs","821","348","57.6%","ok","3","PASS","",""
"Assets/Scripts/Logic/Grid/States/TableTileState.cs","1893","910","51.9%","ok","13","PASS","",""
"Assets/Scripts/Logic/Grid/TileAim.cs","573","279","51.3%","ok","9","PASS","",""
"Assets/Scripts/Logic/Grid/TileContext.cs","1272","556","56.3%","ok","9","PASS","",""
"Assets/Scripts/Logic/Grid/TileStateMachine.cs","701","301","57.1%","ok","4","PASS","",""
"Assets/Scripts/Logic/Grid/TileTickQueue.cs","257","75","70.8%","ok","1","PASS","",""
"Assets/Scripts/Logic/Input/GameState.cs","219","107","51.1%","ok","3","PASS","",""
"Assets/Scripts/Logic/Input/InputBuffer.cs","607","301","50.4%","ok","9","PASS","",""
"Assets/Scripts/Logic/Input/InputSnapshot.cs","304","132","56.6%","ok","3","PASS","",""
"Assets/Scripts/Logic/Input/UIInputLogic.cs","203","100","50.7%","ok","2","PASS","",""
"Assets/Scripts/Logic/LogicContext.cs","5","0","100.0%","ok","0","PASS","",""
"Assets/Scripts/Logic/Movement/ActorLedger.cs","1393","692","50.3%","ok","11","PASS","",""
"Assets/Scripts/Logic/Movement/IActorMotor.cs","1735","833","52.0%","ok","17","PASS","",""
"Assets/Scripts/Logic/Movement/IManagedActor.cs","150","63","58.0%","ok","1","PASS","",""
"Assets/Scripts/Logic/Movement/IMovementMotor.cs","433","199","54.0%","ok","5","PASS","",""
"Assets/Scripts/Logic/Movement/MoveGates.cs","313","133","57.5%","ok","1","PASS","",""
"Assets/Scripts/Logic/Movement/MovementStateChanged.cs","96","33","65.6%","ok","1","PASS","",""
"Assets/Scripts/Logic/Movement/MovementStateTag.cs","199","89","55.3%","ok","1","PASS","",""
"Assets/Scripts/Logic/Movement/States/DashState.cs","437","207","52.6%","ok","4","PASS","",""
"Assets/Scripts/Logic/Movement/States/IdleState.cs","181","84","53.6%","ok","1","PASS","",""
"Assets/Scripts/Logic/Movement/States/MoveState.cs","177","74","58.2%","ok","1","PASS","",""
"Assets/Scripts/Logic/Player/CombatGroup.cs","736","338","54.1%","ok","7","PASS","",""
"Assets/Scripts/Logic/Player/MoveGroup.cs","767","313","59.2%","ok","8","PASS","",""
"Assets/Scripts/Logic/Player/PlayerLogic.cs","808","358","55.7%","ok","7","PASS","",""
"Assets/Scripts/Logic/Player/PlayerStats.cs","620","264","57.4%","ok","6","PASS","",""
"Assets/Scripts/Logic/Projectile/BallLogicEffects.cs","204","69","66.2%","ok","1","PASS","",""
"Assets/Scripts/Logic/Projectile/IBallLogicEffect.cs","538","249","53.7%","ok","4","PASS","",""
"Assets/Scripts/Logic/Projectile/ProjectileTrajectory.cs","802","384","52.1%","ok","6","PASS","",""
"Assets/Scripts/Logic/Services/IGameTime.cs","0","0","100.0%","N/A","0","PASS","",""
"Assets/Scripts/Logic/Services/IService.cs","438","206","53.0%","ok","3","PASS","",""
"Assets/Scripts/Logic/Services/PauseService.cs","110","48","56.4%","ok","1","PASS","",""
"Assets/Scripts/Logic/Services/SaveService.cs","53","26","50.9%","ok","1","PASS","",""
"Assets/Scripts/Logic/Services/SceneService.cs","236","103","56.4%","ok","2","PASS","",""
"Assets/Scripts/Logic/Services/Timer/TimerHandle.cs","56","0","100.0%","ok","0","PASS","",""
"Assets/Scripts/Logic/Services/Timer/TimerManager.cs","1124","453","59.7%","ok","7","PASS","",""
"Assets/Scripts/Logic/Services/Timer/TimerOptions.cs","186","73","60.8%","ok","2","PASS","",""
"Assets/Scripts/Logic/Services/Timer/TimerWheel.cs","3222","1368","57.5%","ok","36","PASS","",""
"Assets/Scripts/Logic/Tickable.cs","0","0","100.0%","N/A","0","PASS","",""
"Assets/Scripts/Logic/Wave/WaveLogic.cs","483","219","54.7%","ok","4","PASS","",""
"Assets/Scripts/Presentation/Actor/CombatDirector.cs","1085","503","53.6%","ok","10","PASS","",""
"Assets/Scripts/Presentation/Actor/EnemyActor.cs","2930","1403","52.1%","ok","26","PASS","",""
"Assets/Scripts/Presentation/Adapters/ActorMotor.cs","1706","831","51.3%","ok","15","PASS","",""
"Assets/Scripts/Presentation/Adapters/EnemyMotor.cs","173","58","66.5%","ok","1","PASS","",""
"Assets/Scripts/Presentation/Adapters/GameTime.cs","0","0","100.0%","N/A","0","PASS","",""
"Assets/Scripts/Presentation/Adapters/PlayerMotor.cs","117","36","69.2%","ok","1","PASS","",""
"Assets/Scripts/Presentation/Adapters/TilemapAdapter.cs","2184","1000","54.2%","ok","11","PASS","",""
"Assets/Scripts/Presentation/Audio/AudioManager.cs","1540","740","51.9%","ok","18","PASS","",""
"Assets/Scripts/Presentation/Ball/BallActor.cs","662","330","50.1%","ok","6","PASS","",""
"Assets/Scripts/Presentation/Ball/BallDirector.cs","1038","441","57.5%","ok","10","PASS","",""
"Assets/Scripts/Presentation/Ball/ImpulseExecutor.cs","702","333","52.6%","ok","8","PASS","",""
"Assets/Scripts/Presentation/Diagnostics/ConfigLoader.cs","798","386","51.6%","ok","11","PASS","",""
"Assets/Scripts/Presentation/Diagnostics/EffectDebugPanel.cs","385","157","59.2%","ok","2","PASS","",""
"Assets/Scripts/Presentation/Diagnostics/EventBusDebugPanel.cs","286","129","54.9%","ok","2","PASS","",""
"Assets/Scripts/Presentation/Diagnostics/MovementDebugPanel.cs","429","188","56.2%","ok","2","PASS","",""
"Assets/Scripts/Presentation/Drop/DropActor.cs","868","420","51.6%","ok","8","PASS","",""
"Assets/Scripts/Presentation/Drop/DropDirector.cs","527","222","57.9%","ok","6","PASS","",""
"Assets/Scripts/Presentation/Drop/WaterBallDrop.cs","323","161","50.1%","ok","4","PASS","",""
"Assets/Scripts/Presentation/Effects/Drivers/EffectDriverFactory.cs","234","117","50.0%","ok","2","PASS","",""
"Assets/Scripts/Presentation/Effects/Drivers/HighlightDriver.cs","504","192","61.9%","ok","3","PASS","",""
"Assets/Scripts/Presentation/Effects/Drivers/ParticleDriver.cs","2977","1469","50.7%","ok","38","PASS","",""
"Assets/Scripts/Presentation/Effects/Drivers/ShatterDriver.cs","734","308","58.0%","ok","9","PASS","",""
"Assets/Scripts/Presentation/Effects/EffectCatalog.cs","694","340","51.0%","ok","6","PASS","",""
"Assets/Scripts/Presentation/Effects/EffectContext.cs","733","349","52.4%","ok","3","PASS","",""
"Assets/Scripts/Presentation/Effects/EffectHandle.cs","438","199","54.6%","ok","3","PASS","",""
"Assets/Scripts/Presentation/Effects/EffectId.cs","457","224","51.0%","ok","3","PASS","",""
"Assets/Scripts/Presentation/Effects/EffectModule.cs","2388","1150","51.8%","ok","21","PASS","",""
"Assets/Scripts/Presentation/Effects/EffectStats.cs","124","61","50.8%","ok","1","PASS","",""
"Assets/Scripts/Presentation/Effects/IEffectDriver.cs","723","274","62.1%","ok","2","PASS","",""
"Assets/Scripts/Presentation/Grid/TileHighlightView.cs","504","201","60.1%","ok","4","PASS","",""
"Assets/Scripts/Presentation/IDrivenEntity.cs","316","150","52.5%","ok","4","PASS","",""
"Assets/Scripts/Presentation/Input/InputProvider.cs","1020","510","50.0%","ok","10","PASS","",""
"Assets/Scripts/Presentation/Input/UIInputProvider.cs","53","0","100.0%","ok","0","PASS","",""
"Assets/Scripts/Presentation/ISceneRoot.cs","819","406","50.4%","ok","9","PASS","",""
"Assets/Scripts/Presentation/Primitive/PrimitiveSprites.cs","1932","963","50.2%","ok","16","PASS","",""
"Assets/Scripts/Presentation/Projectile/BallDriver.cs","660","295","55.3%","ok","5","PASS","",""
"Assets/Scripts/Presentation/Projectile/BallShadow.cs","905","377","58.3%","ok","6","PASS","",""
"Assets/Scripts/Presentation/Projectile/BallView.cs","503","251","50.1%","ok","5","PASS","",""
"Assets/Scripts/Presentation/Root/CombatRoot.cs","2548","1274","50.0%","ok","24","PASS","",""
"Assets/Scripts/Presentation/Root/GameManager.cs","412","173","58.0%","ok","2","PASS","",""
"Assets/Scripts/Presentation/Root/GameRoot.cs","3825","1782","53.4%","ok","29","PASS","",""
"Assets/Scripts/Presentation/Root/PlayerController.cs","3474","1676","51.8%","ok","31","PASS","",""
"Assets/Scripts/Presentation/UI/BasePanel.cs","654","304","53.5%","ok","4","PASS","",""
"Assets/Scripts/Presentation/UI/MonoMgr.cs","36","0","100.0%","ok","0","PASS","",""
"Assets/Scripts/Presentation/UI/Panel/BeginPanel.cs","0","0","100.0%","N/A","0","PASS","",""
"Assets/Scripts/Presentation/UI/Panel/ExitConfirmPanel.cs","0","0","100.0%","N/A","0","PASS","",""
"Assets/Scripts/Presentation/UI/Panel/FailurePanel.cs","8","0","100.0%","ok","0","PASS","",""
"Assets/Scripts/Presentation/UI/Panel/GamePlayPanel.cs","123","53","56.9%","ok","1","PASS","",""
"Assets/Scripts/Presentation/UI/Panel/HudPanel.cs","576","267","53.6%","ok","4","PASS","",""
"Assets/Scripts/Presentation/UI/Panel/PausePanel.cs","15","0","100.0%","ok","0","PASS","",""
"Assets/Scripts/Presentation/UI/Panel/SavePanel.cs","0","0","100.0%","N/A","0","PASS","",""
"Assets/Scripts/Presentation/UI/Panel/SettingPanel.cs","0","0","100.0%","N/A","0","PASS","",""
"Assets/Scripts/Presentation/UI/UIMgr.cs","1911","797","58.3%","ok","16","PASS","",""
"Assets/Scripts/Presentation/Visual/RenderOrder.cs","521","240","53.9%","ok","6","PASS","",""
"Assets/Scripts/Presentation/World/Fountain.cs","469","175","62.7%","ok","5","PASS","",""
